
INSERT INTO RACUN(BROJ_RACUNA, TRENUTNO_STANJE, REZERVISANO) VALUES ('AAA111111111111199',0,0);
INSERT INTO RACUN(BROJ_RACUNA, TRENUTNO_STANJE, REZERVISANO) VALUES ('BBB222222222222299',0,0);
INSERT INTO RACUN(BROJ_RACUNA, TRENUTNO_STANJE, REZERVISANO) VALUES ('BBB333333333333399',0,0);

INSERT INTO RACUN(BROJ_RACUNA, TRENUTNO_STANJE, REZERVISANO) VALUES ('QQQ777777777777777',0,0);
INSERT INTO RACUN(BROJ_RACUNA, TRENUTNO_STANJE, REZERVISANO) VALUES ('WWW777777777777777',0,0);

INSERT INTO BANKA (KOD_BANKE, SWIFT_KOD,IME,OBRACUNSKI_ID,URI) VALUES('AAA','AAAIOI11','BANKA1',4,'http://localhost:8081');
INSERT INTO BANKA (KOD_BANKE, SWIFT_KOD,IME,OBRACUNSKI_ID,URI) VALUES('BBB','BBBIII22','BANKA2',5,'http://localhost:8082');


INSERT INTO FIRMA (NAZIV, ADRESA,PIB,URI,RACUN_ID) VALUES('Firma001','Dimitrija Tucovica 1','11111111111','http://localhost:5001',1);
INSERT INTO FIRMA (NAZIV, ADRESA,PIB,URI,RACUN_ID) VALUES('Firma002','Toze Veselinovica 14','22222222222','http://localhost:5002',2);
INSERT INTO FIRMA (NAZIV, ADRESA,PIB,URI,RACUN_ID) VALUES('Firma003','Rumenacka 3','33333333333','http://localhost:5003',3);

INSERT INTO POSLOVNI_SARADNICI (FIRMA1_ID,FIRMA2_ID) VALUES (1,2);
INSERT INTO POSLOVNI_SARADNICI (FIRMA1_ID,FIRMA2_ID) VALUES (2,1);
INSERT INTO POSLOVNI_SARADNICI (FIRMA1_ID,FIRMA2_ID) VALUES (3,1);
INSERT INTO POSLOVNI_SARADNICI (FIRMA1_ID,FIRMA2_ID) VALUES (1,3);
INSERT INTO POSLOVNI_SARADNICI (FIRMA1_ID,FIRMA2_ID) VALUES (2,3);
INSERT INTO POSLOVNI_SARADNICI (FIRMA1_ID,FIRMA2_ID) VALUES (3,2);

INSERT INTO BANKA_RACUNI(BANKA_ID,RACUN_ID) VALUES (1,1);
INSERT INTO BANKA_RACUNI(BANKA_ID,RACUN_ID) VALUES (2,2);
INSERT INTO BANKA_RACUNI(BANKA_ID,RACUN_ID) VALUES (2,3);

INSERT INTO NALOG(ID_PORUKE, DUZNIK, SVRHA_PLACANJA, PRIMALAC, DATUM_NALOGA,DATUM_VALUTE,RACUN_DUZNIKA, MODEL_ZADUZENJA, POZIV_NA_BROJ_ZADUZENJA, RACUN_PRIMAOCA, MODEL_ODOBRENJA,POZIV_NA_BROJ_ODOBRENJA, IZNOS, OZNAKA_VALUTE,HITNO,OBRADJEN) VALUES ('id111','Firma001','placanje', 'Firma002','2018-01-25','2018-01-25','AAA111111111111199' , 97, '85645678912345678911', 'BBB222222222222299',97,'85622222222222222222',999.99, 'rsd', false,false);
INSERT INTO NALOG(ID_PORUKE, DUZNIK, SVRHA_PLACANJA, PRIMALAC, DATUM_NALOGA,DATUM_VALUTE,RACUN_DUZNIKA, MODEL_ZADUZENJA, POZIV_NA_BROJ_ZADUZENJA, RACUN_PRIMAOCA, MODEL_ODOBRENJA,POZIV_NA_BROJ_ODOBRENJA, IZNOS, OZNAKA_VALUTE,HITNO,OBRADJEN) VALUES ('id222','Firma001','placanje', 'Firma003','2018-01-25','2018-01-25','AAA111111111111199' , 97, '85645678912345678911', 'BBB333333333333399',97,'88833333333333233333',1000, 'rsd', false,false);
INSERT INTO NALOG(ID_PORUKE, DUZNIK, SVRHA_PLACANJA, PRIMALAC, DATUM_NALOGA,DATUM_VALUTE,RACUN_DUZNIKA, MODEL_ZADUZENJA, POZIV_NA_BROJ_ZADUZENJA, RACUN_PRIMAOCA, MODEL_ODOBRENJA,POZIV_NA_BROJ_ODOBRENJA, IZNOS, OZNAKA_VALUTE,HITNO,OBRADJEN) VALUES ('id333','Firma001','placanje', 'Firma003','2018-01-25','2018-01-25','AAA111111111111199' , 97, '85645678912345678911', 'BBB333333333333399',97,'88833333333333233333',3000, 'rsd', false,false);
INSERT INTO NALOG(ID_PORUKE, DUZNIK, SVRHA_PLACANJA, PRIMALAC, DATUM_NALOGA,DATUM_VALUTE,RACUN_DUZNIKA, MODEL_ZADUZENJA, POZIV_NA_BROJ_ZADUZENJA, RACUN_PRIMAOCA, MODEL_ODOBRENJA,POZIV_NA_BROJ_ODOBRENJA, IZNOS, OZNAKA_VALUTE,HITNO,OBRADJEN) VALUES ('id444','Firma001','placanje', 'Firma003','2018-01-25','2018-01-25','AAA111111111111199' , 97, '85645678912345678911', 'BBB333333333333399',97,'88833333333333233333',5000, 'rsd', false,false);
INSERT INTO NALOG(ID_PORUKE, DUZNIK, SVRHA_PLACANJA, PRIMALAC, DATUM_NALOGA,DATUM_VALUTE,RACUN_DUZNIKA, MODEL_ZADUZENJA, POZIV_NA_BROJ_ZADUZENJA, RACUN_PRIMAOCA, MODEL_ODOBRENJA,POZIV_NA_BROJ_ODOBRENJA, IZNOS, OZNAKA_VALUTE,HITNO,OBRADJEN) VALUES ('id555','Firma001','placanje', 'Firma003','2018-01-25','2018-01-25','AAA111111111111199' , 97, '85645678912345678911', 'BBB333333333333399',97,'88833333333333233333',7000, 'rsd', false,false);

INSERT INTO ZAGLAVLJEMT102(ID_PORUKE, SWIFT_KOD_BANKE_DUZNIKA, OBRACUNSKI_RACUN_BANKE_DUZNIKA,SWIFT_KOD_BANKE_POVERIOCA, OBRACUNSKI_RACUN_BANKE_POVERIOCA, UKUPAN_IZNOS, SIFRA_VALUTE,DATUM_VALUTE, DATUM) VALUES('idmt1021','AAAIOI11', '111111111122222222','BBBIII22','222222222233333333', 16999.99, 'rsd', '2018-01-25' , '2018-01-25');

INSERT INTO POJEDINACNO_PLACANJEMT102(ID_NALOGA_ZA_PLACANJE, DUZNIK, SVRHA_PLACANJA,PRIMALAC, DATUM_NALOGA, RACUN_DUZNIKA, MODEL_ZADUZENJA, POZIV_NA_BROJ_ZADUZENJA,RACUN_POVERIOCA, MODEL_ODOBRENJA, POZIV_NA_BROJ_ODOBRENJA, IZNOS, SIFRA_VALUTE) VALUES('id111', 'Firma001','placanje', 'Firma002','2018-01-25','AAA111111111111199' , '97','85645678912345678911','BBB222222222222299',97,'85622222222222222222',999.99,'rsd');
INSERT INTO POJEDINACNO_PLACANJEMT102(ID_NALOGA_ZA_PLACANJE, DUZNIK, SVRHA_PLACANJA,PRIMALAC, DATUM_NALOGA, RACUN_DUZNIKA, MODEL_ZADUZENJA, POZIV_NA_BROJ_ZADUZENJA,RACUN_POVERIOCA, MODEL_ODOBRENJA, POZIV_NA_BROJ_ODOBRENJA, IZNOS, SIFRA_VALUTE) VALUES('id222', 'Firma001','placanje', 'Firma003','2018-01-25','AAA111111111111199' , '97','85645678912345678911','BBB333333333333399',97,'88833333333333233333',1000,'rsd');
INSERT INTO POJEDINACNO_PLACANJEMT102(ID_NALOGA_ZA_PLACANJE, DUZNIK, SVRHA_PLACANJA,PRIMALAC, DATUM_NALOGA, RACUN_DUZNIKA, MODEL_ZADUZENJA, POZIV_NA_BROJ_ZADUZENJA,RACUN_POVERIOCA, MODEL_ODOBRENJA, POZIV_NA_BROJ_ODOBRENJA, IZNOS, SIFRA_VALUTE) VALUES('id333', 'Firma001','placanje', 'Firma003','2018-01-25','AAA111111111111199' , '97','85645678912345678911','BBB333333333333399',97,'88833333333333233333',3000,'rsd');
INSERT INTO POJEDINACNO_PLACANJEMT102(ID_NALOGA_ZA_PLACANJE, DUZNIK, SVRHA_PLACANJA,PRIMALAC, DATUM_NALOGA, RACUN_DUZNIKA, MODEL_ZADUZENJA, POZIV_NA_BROJ_ZADUZENJA,RACUN_POVERIOCA, MODEL_ODOBRENJA, POZIV_NA_BROJ_ODOBRENJA, IZNOS, SIFRA_VALUTE) VALUES('id444', 'Firma001','placanje', 'Firma003','2018-01-25','AAA111111111111199' , '97','85645678912345678911','BBB333333333333399',97,'88833333333333233333',5000,'rsd');
INSERT INTO POJEDINACNO_PLACANJEMT102(ID_NALOGA_ZA_PLACANJE, DUZNIK, SVRHA_PLACANJA,PRIMALAC, DATUM_NALOGA, RACUN_DUZNIKA, MODEL_ZADUZENJA, POZIV_NA_BROJ_ZADUZENJA,RACUN_POVERIOCA, MODEL_ODOBRENJA, POZIV_NA_BROJ_ODOBRENJA, IZNOS, SIFRA_VALUTE) VALUES('id555', 'Firma001','placanje', 'Firma003','2018-01-25','AAA111111111111199' , '97','85645678912345678911','BBB333333333333399',97,'88833333333333233333',7000,'rsd');


INSERT INTO MT102(ZAGLJAVLJE_MT102_ID,STATUS) VALUES (1,FALSE);
INSERT INTO MT102_P_PLACANJE(MT102_ID,P_PLACANJE_ID)VALUES(1,1);
INSERT INTO MT102_P_PLACANJE(MT102_ID,P_PLACANJE_ID)VALUES(1,2);
INSERT INTO MT102_P_PLACANJE(MT102_ID,P_PLACANJE_ID)VALUES(1,3);
INSERT INTO MT102_P_PLACANJE(MT102_ID,P_PLACANJE_ID)VALUES(1,4);
INSERT INTO MT102_P_PLACANJE(MT102_ID,P_PLACANJE_ID)VALUES(1,5);
--INSERT INTO MT103(ID_PORUKE, SWIFT_KOD_BANKE_DUZNIKA,OBRACUNSKI_RACUN_BANKE_DUZNIKA,SWIFT_KOD_BANKE_POVERIOCA, OBRACUNSKI_RACUN_BANKE_POVERIOCA,DUZNIK, SVRHA_PLACANJA, PRIMALAC, DATUM_NALOGA, DATUM_VALUTE, RACUN_DUZNIKA, MODEL_ZADUZENJA,POZIV_NA_BROJ_ZADUZENJA, RACUN_POVERIOCA, MODEL_ODOBRENJA, POZIV_NA_BROJ_ODOBRENJA,IZNOS, SIFRA_VALUTE) VALUES ('idmt1031', 'AAAIOI11', '111111111122222222', 'BBBIII22','222222222233333333','Firma001', 'placanje na racun', 'primalac 1', '2017-06-12','2017-06-12','AAA111111111111199', 97,'85645678912345678911','BBB222222222222299',97,'85622222222222222222', 260000,'rsd');
